{
  "drug": {
    "precision": 1.0,
    "recall": 0.9574468085106383,
    "f1-score": 0.9782608695652174,
    "support": 94,
    "confused_with": {}
  },
  "lab": {
    "precision": 1.0,
    "recall": 1.0,
    "f1-score": 1.0,
    "support": 163,
    "confused_with": {}
  },
  "micro avg": {
    "precision": 1.0,
    "recall": 0.9844357976653697,
    "f1-score": 0.9921568627450981,
    "support": 257
  },
  "macro avg": {
    "precision": 1.0,
    "recall": 0.9787234042553192,
    "f1-score": 0.9891304347826086,
    "support": 257
  },
  "weighted avg": {
    "precision": 1.0,
    "recall": 0.9844357976653697,
    "f1-score": 0.9920487227203519,
    "support": 257
  }
}