{
  "drug": {
    "precision": 1.0,
    "recall": 0.7340425531914894,
    "f1-score": 0.8466257668711656,
    "support": 94,
    "confused_with": {}
  },
  "lab": {
    "precision": 0.9464285714285714,
    "recall": 0.9754601226993865,
    "f1-score": 0.960725075528701,
    "support": 163,
    "confused_with": {}
  },
  "micro avg": {
    "precision": 0.9620253164556962,
    "recall": 0.8871595330739299,
    "f1-score": 0.9230769230769231,
    "support": 257
  },
  "macro avg": {
    "precision": 0.9732142857142857,
    "recall": 0.8547513379454379,
    "f1-score": 0.9036754211999334,
    "support": 257
  },
  "weighted avg": {
    "precision": 0.9660227904391329,
    "recall": 0.8871595330739299,
    "f1-score": 0.918992254463299,
    "support": 257
  }
}