{
  "config_1": [
    [
      0.5021505376344086,
      0.5365591397849462,
      0.4445468509984639,
      0.3379416282642089
    ],
    [
      0.5370199692780339,
      0.5413210445468509,
      0.3870967741935484,
      0.38294930875576033
    ],
    [
      0.5602150537634408,
      0.5832565284178188,
      0.5227342549923194,
      0.39815668202764976
    ]
  ],
  "config_2": [
    [
      0.6139016897081412,
      0.636021505376344,
      0.4262672811059908,
      0.33763440860215055
    ],
    [
      0.5085509472606247,
      0.47987711213517664,
      0.3648233486943165,
      0.364613880742913
    ],
    [
      0.4788018433179723,
      0.6164362519201229,
      0.6021505376344085,
      0.45483870967741935
    ]
  ]
}