{
  "drug": {
    "precision": 0.6666666666666666,
    "recall": 0.5714285714285714,
    "f1-score": 0.6153846153846153,
    "support": 21,
    "confused_with": {
      "lab": 3
    }
  },
  "lab": {
    "precision": 0.6521739130434783,
    "recall": 0.4838709677419355,
    "f1-score": 0.5555555555555556,
    "support": 31,
    "confused_with": {
      "drug": 5
    }
  },
  "micro avg": {
    "precision": 0.6585365853658537,
    "recall": 0.5192307692307693,
    "f1-score": 0.5806451612903226,
    "support": 52
  },
  "macro avg": {
    "precision": 0.6594202898550725,
    "recall": 0.5276497695852534,
    "f1-score": 0.5854700854700854,
    "support": 52
  },
  "weighted avg": {
    "precision": 0.6580267558528429,
    "recall": 0.5192307692307693,
    "f1-score": 0.5797172912557527,
    "support": 52
  }
}