{
  "lab": {
    "precision": 0.8888888888888888,
    "recall": 0.8571428571428571,
    "f1-score": 0.8727272727272727,
    "support": 28,
    "confused_with": {
      "drug": 2
    }
  },
  "drug": {
    "precision": 0.9130434782608695,
    "recall": 0.84,
    "f1-score": 0.8749999999999999,
    "support": 25,
    "confused_with": {
      "lab": 1
    }
  },
  "micro avg": {
    "precision": 0.9,
    "recall": 0.8490566037735849,
    "f1-score": 0.8737864077669903,
    "support": 53
  },
  "macro avg": {
    "precision": 0.9009661835748792,
    "recall": 0.8485714285714285,
    "f1-score": 0.8738636363636363,
    "support": 53
  },
  "weighted avg": {
    "precision": 0.9002825631209551,
    "recall": 0.8490566037735849,
    "f1-score": 0.8737993138936534,
    "support": 53
  }
}