{
  "lab": {
    "precision": 0.88,
    "recall": 0.7333333333333333,
    "f1-score": 0.8,
    "support": 30,
    "confused_with": {
      "drug": 1
    }
  },
  "drug": {
    "precision": 0.9411764705882353,
    "recall": 0.7619047619047619,
    "f1-score": 0.8421052631578947,
    "support": 21,
    "confused_with": {
      "lab": 2
    }
  },
  "micro avg": {
    "precision": 0.9047619047619048,
    "recall": 0.7450980392156863,
    "f1-score": 0.8172043010752689,
    "support": 51
  },
  "macro avg": {
    "precision": 0.9105882352941177,
    "recall": 0.7476190476190476,
    "f1-score": 0.8210526315789474,
    "support": 51
  },
  "weighted avg": {
    "precision": 0.9051903114186851,
    "recall": 0.7450980392156863,
    "f1-score": 0.8173374613003096,
    "support": 51
  }
}