{
  "lab": {
    "precision": 0.9166666666666666,
    "recall": 0.7333333333333333,
    "f1-score": 0.8148148148148148,
    "support": 30,
    "confused_with": {
      "drug": 1
    }
  },
  "drug": {
    "precision": 0.9411764705882353,
    "recall": 0.7619047619047619,
    "f1-score": 0.8421052631578947,
    "support": 21,
    "confused_with": {
      "lab": 1
    }
  },
  "micro avg": {
    "precision": 0.926829268292683,
    "recall": 0.7450980392156863,
    "f1-score": 0.8260869565217392,
    "support": 51
  },
  "macro avg": {
    "precision": 0.928921568627451,
    "recall": 0.7476190476190476,
    "f1-score": 0.8284600389863548,
    "support": 51
  },
  "weighted avg": {
    "precision": 0.9267589388696655,
    "recall": 0.7450980392156863,
    "f1-score": 0.8260520582502006,
    "support": 51
  }
}