{
  "drug": {
    "precision": 0.8333333333333334,
    "recall": 0.625,
    "f1-score": 0.7142857142857143,
    "support": 24,
    "confused_with": {}
  },
  "lab": {
    "precision": 0.7777777777777778,
    "recall": 0.5185185185185185,
    "f1-score": 0.6222222222222222,
    "support": 27,
    "confused_with": {
      "drug": 3
    }
  },
  "micro avg": {
    "precision": 0.8055555555555556,
    "recall": 0.5686274509803921,
    "f1-score": 0.6666666666666667,
    "support": 51
  },
  "macro avg": {
    "precision": 0.8055555555555556,
    "recall": 0.5717592592592593,
    "f1-score": 0.6682539682539683,
    "support": 51
  },
  "weighted avg": {
    "precision": 0.803921568627451,
    "recall": 0.5686274509803921,
    "f1-score": 0.6655462184873949,
    "support": 51
  }
}