{
  "lab": {
    "precision": 0.96,
    "recall": 0.8,
    "f1-score": 0.8727272727272728,
    "support": 30,
    "confused_with": {}
  },
  "drug": {
    "precision": 1.0,
    "recall": 0.9047619047619048,
    "f1-score": 0.9500000000000001,
    "support": 21,
    "confused_with": {}
  },
  "micro avg": {
    "precision": 0.9772727272727273,
    "recall": 0.8431372549019608,
    "f1-score": 0.9052631578947369,
    "support": 51
  },
  "macro avg": {
    "precision": 0.98,
    "recall": 0.8523809523809525,
    "f1-score": 0.9113636363636364,
    "support": 51
  },
  "weighted avg": {
    "precision": 0.9764705882352941,
    "recall": 0.8431372549019608,
    "f1-score": 0.9045454545454547,
    "support": 51
  }
}