{
  "config_1": [
    [
      0.4440860215053763,
      0.4622119815668203,
      0.46605222734254986,
      0.30506912442396306
    ],
    [
      0.4897081413210445,
      0.5648233486943163,
      0.43653353814644136,
      0.34301075268817205
    ],
    [
      0.4639784946236559,
      0.4139016897081413,
      0.3973118279569892,
      0.34531490015360977
    ]
  ],
  "config_2": [
    [
      0.47434715821812595,
      0.3864823348694316,
      0.4019201228878648,
      0.278494623655914
    ],
    [
      0.5130568356374808,
      0.42434715821812596,
      0.37327188940092165,
      0.349615975422427
    ],
    [
      0.4685867895545315,
      0.4613880742913,
      0.4894777265745007,
      0.38901689708141324
    ]
  ]
}