{
  "lab": {
    "precision": 0.96,
    "recall": 0.8571428571428571,
    "f1-score": 0.9056603773584904,
    "support": 28,
    "confused_with": {}
  },
  "drug": {
    "precision": 0.9473684210526315,
    "recall": 0.6428571428571429,
    "f1-score": 0.7659574468085106,
    "support": 28,
    "confused_with": {
      "lab": 1
    }
  },
  "micro avg": {
    "precision": 0.9545454545454546,
    "recall": 0.75,
    "f1-score": 0.84,
    "support": 56
  },
  "macro avg": {
    "precision": 0.9536842105263157,
    "recall": 0.75,
    "f1-score": 0.8358089120835005,
    "support": 56
  },
  "weighted avg": {
    "precision": 0.9536842105263157,
    "recall": 0.75,
    "f1-score": 0.8358089120835005,
    "support": 56
  }
}