{
  "lab": {
    "precision": 0.8518518518518519,
    "recall": 0.8214285714285714,
    "f1-score": 0.8363636363636364,
    "support": 28,
    "confused_with": {}
  },
  "drug": {
    "precision": 1.0,
    "recall": 0.5714285714285714,
    "f1-score": 0.7272727272727273,
    "support": 28,
    "confused_with": {
      "lab": 4
    }
  },
  "micro avg": {
    "precision": 0.9069767441860465,
    "recall": 0.6964285714285714,
    "f1-score": 0.7878787878787877,
    "support": 56
  },
  "macro avg": {
    "precision": 0.9259259259259259,
    "recall": 0.6964285714285714,
    "f1-score": 0.7818181818181819,
    "support": 56
  },
  "weighted avg": {
    "precision": 0.9259259259259258,
    "recall": 0.6964285714285714,
    "f1-score": 0.7818181818181819,
    "support": 56
  }
}