{
  "lab": {
    "precision": 0.9032258064516129,
    "recall": 1.0,
    "f1-score": 0.9491525423728813,
    "support": 28,
    "confused_with": {}
  },
  "drug": {
    "precision": 1.0,
    "recall": 0.6071428571428571,
    "f1-score": 0.7555555555555554,
    "support": 28,
    "confused_with": {}
  },
  "micro avg": {
    "precision": 0.9375,
    "recall": 0.8035714285714286,
    "f1-score": 0.8653846153846154,
    "support": 56
  },
  "macro avg": {
    "precision": 0.9516129032258065,
    "recall": 0.8035714285714286,
    "f1-score": 0.8523540489642183,
    "support": 56
  },
  "weighted avg": {
    "precision": 0.9516129032258064,
    "recall": 0.8035714285714286,
    "f1-score": 0.8523540489642184,
    "support": 56
  }
}