{
  "drug": {
    "precision": 0.7894736842105263,
    "recall": 0.6521739130434783,
    "f1-score": 0.7142857142857143,
    "support": 23,
    "confused_with": {}
  },
  "lab": {
    "precision": 0.9375,
    "recall": 0.5555555555555556,
    "f1-score": 0.6976744186046512,
    "support": 27,
    "confused_with": {
      "drug": 3
    }
  },
  "micro avg": {
    "precision": 0.8571428571428571,
    "recall": 0.6,
    "f1-score": 0.7058823529411764,
    "support": 50
  },
  "macro avg": {
    "precision": 0.8634868421052632,
    "recall": 0.6038647342995169,
    "f1-score": 0.7059800664451827,
    "support": 50
  },
  "weighted avg": {
    "precision": 0.8694078947368422,
    "recall": 0.6,
    "f1-score": 0.7053156146179402,
    "support": 50
  }
}