{
  "lab": {
    "precision": 0.9565217391304348,
    "recall": 0.7333333333333333,
    "f1-score": 0.8301886792452831,
    "support": 30,
    "confused_with": {
      "drug": 2
    }
  },
  "drug": {
    "precision": 0.8947368421052632,
    "recall": 0.8095238095238095,
    "f1-score": 0.8500000000000001,
    "support": 21,
    "confused_with": {}
  },
  "micro avg": {
    "precision": 0.9285714285714286,
    "recall": 0.7647058823529411,
    "f1-score": 0.8387096774193549,
    "support": 51
  },
  "macro avg": {
    "precision": 0.9256292906178489,
    "recall": 0.7714285714285714,
    "f1-score": 0.8400943396226416,
    "support": 51
  },
  "weighted avg": {
    "precision": 0.9310808991788935,
    "recall": 0.7647058823529411,
    "f1-score": 0.8383462819089901,
    "support": 51
  }
}