{
  "lab": {
    "precision": 0.8518518518518519,
    "recall": 0.8214285714285714,
    "f1-score": 0.8363636363636364,
    "support": 28,
    "confused_with": {
      "drug": 3
    }
  },
  "drug": {
    "precision": 0.875,
    "recall": 0.8076923076923077,
    "f1-score": 0.8400000000000001,
    "support": 26,
    "confused_with": {
      "lab": 3
    }
  },
  "micro avg": {
    "precision": 0.8627450980392157,
    "recall": 0.8148148148148148,
    "f1-score": 0.838095238095238,
    "support": 54
  },
  "macro avg": {
    "precision": 0.8634259259259259,
    "recall": 0.8145604395604396,
    "f1-score": 0.8381818181818183,
    "support": 54
  },
  "weighted avg": {
    "precision": 0.862997256515775,
    "recall": 0.8148148148148148,
    "f1-score": 0.8381144781144783,
    "support": 54
  }
}