{
  "lab": {
    "precision": 0.9375,
    "recall": 0.5357142857142857,
    "f1-score": 0.6818181818181818,
    "support": 28,
    "confused_with": {
      "drug": 1
    }
  },
  "drug": {
    "precision": 0.95,
    "recall": 0.76,
    "f1-score": 0.8444444444444444,
    "support": 25,
    "confused_with": {
      "lab": 1
    }
  },
  "micro avg": {
    "precision": 0.9444444444444444,
    "recall": 0.6415094339622641,
    "f1-score": 0.7640449438202246,
    "support": 53
  },
  "macro avg": {
    "precision": 0.94375,
    "recall": 0.6478571428571429,
    "f1-score": 0.7631313131313131,
    "support": 53
  },
  "weighted avg": {
    "precision": 0.9433962264150944,
    "recall": 0.6415094339622641,
    "f1-score": 0.758528683056985,
    "support": 53
  }
}