{
  "lab": {
    "precision": 0.9655172413793104,
    "recall": 1.0,
    "f1-score": 0.9824561403508771,
    "support": 28,
    "confused_with": {}
  },
  "drug": {
    "precision": 1.0,
    "recall": 0.6,
    "f1-score": 0.7499999999999999,
    "support": 25,
    "confused_with": {}
  },
  "micro avg": {
    "precision": 0.9772727272727273,
    "recall": 0.8113207547169812,
    "f1-score": 0.88659793814433,
    "support": 53
  },
  "macro avg": {
    "precision": 0.9827586206896552,
    "recall": 0.8,
    "f1-score": 0.8662280701754386,
    "support": 53
  },
  "weighted avg": {
    "precision": 0.9817826935588809,
    "recall": 0.8113207547169812,
    "f1-score": 0.8728070175438597,
    "support": 53
  }
}