{
  "drug": {
    "precision": 0.8181818181818182,
    "recall": 0.391304347826087,
    "f1-score": 0.5294117647058824,
    "support": 23,
    "confused_with": {}
  },
  "lab": {
    "precision": 0.7727272727272727,
    "recall": 0.53125,
    "f1-score": 0.6296296296296297,
    "support": 32,
    "confused_with": {
      "drug": 2
    }
  },
  "micro avg": {
    "precision": 0.7878787878787878,
    "recall": 0.4727272727272727,
    "f1-score": 0.5909090909090909,
    "support": 55
  },
  "macro avg": {
    "precision": 0.7954545454545454,
    "recall": 0.46127717391304346,
    "f1-score": 0.579520697167756,
    "support": 55
  },
  "weighted avg": {
    "precision": 0.7917355371900827,
    "recall": 0.4727272727272727,
    "f1-score": 0.5877203406615171,
    "support": 55
  }
}