{
  "drug": {
    "precision": 1.0,
    "recall": 0.08695652173913043,
    "f1-score": 0.16,
    "support": 23,
    "confused_with": {}
  },
  "lab": {
    "precision": 0.0,
    "recall": 0.0,
    "f1-score": 0.0,
    "support": 32,
    "confused_with": {}
  },
  "micro avg": {
    "precision": 1.0,
    "recall": 0.03636363636363636,
    "f1-score": 0.07017543859649122,
    "support": 55
  },
  "macro avg": {
    "precision": 0.5,
    "recall": 0.043478260869565216,
    "f1-score": 0.08,
    "support": 55
  },
  "weighted avg": {
    "precision": 0.41818181818181815,
    "recall": 0.03636363636363636,
    "f1-score": 0.06690909090909092,
    "support": 55
  }
}