{
  "drug": {
    "precision": 0.8888888888888888,
    "recall": 0.3333333333333333,
    "f1-score": 0.48484848484848486,
    "support": 24,
    "confused_with": {}
  },
  "lab": {
    "precision": 0.9285714285714286,
    "recall": 0.48148148148148145,
    "f1-score": 0.6341463414634146,
    "support": 27,
    "confused_with": {
      "drug": 1
    }
  },
  "micro avg": {
    "precision": 0.9130434782608695,
    "recall": 0.4117647058823529,
    "f1-score": 0.5675675675675675,
    "support": 51
  },
  "macro avg": {
    "precision": 0.9087301587301587,
    "recall": 0.4074074074074074,
    "f1-score": 0.5594974131559498,
    "support": 51
  },
  "weighted avg": {
    "precision": 0.9098972922502334,
    "recall": 0.4117647058823529,
    "f1-score": 0.5638885265858006,
    "support": 51
  }
}