{
  "drug": {
    "precision": 1.0,
    "recall": 0.041666666666666664,
    "f1-score": 0.07999999999999999,
    "support": 24,
    "confused_with": {
      "lab": 1
    }
  },
  "lab": {
    "precision": 0.0,
    "recall": 0.0,
    "f1-score": 0.0,
    "support": 27,
    "confused_with": {}
  },
  "micro avg": {
    "precision": 0.5,
    "recall": 0.0196078431372549,
    "f1-score": 0.03773584905660377,
    "support": 51
  },
  "macro avg": {
    "precision": 0.5,
    "recall": 0.020833333333333332,
    "f1-score": 0.039999999999999994,
    "support": 51
  },
  "weighted avg": {
    "precision": 0.47058823529411764,
    "recall": 0.0196078431372549,
    "f1-score": 0.03764705882352941,
    "support": 51
  }
}