{
  "drug": {
    "precision": 1.0,
    "recall": 0.6666666666666666,
    "f1-score": 0.8,
    "support": 24,
    "confused_with": {}
  },
  "lab": {
    "precision": 0.8571428571428571,
    "recall": 0.6666666666666666,
    "f1-score": 0.75,
    "support": 27,
    "confused_with": {}
  },
  "micro avg": {
    "precision": 0.918918918918919,
    "recall": 0.6666666666666666,
    "f1-score": 0.7727272727272727,
    "support": 51
  },
  "macro avg": {
    "precision": 0.9285714285714286,
    "recall": 0.6666666666666666,
    "f1-score": 0.775,
    "support": 51
  },
  "weighted avg": {
    "precision": 0.9243697478991596,
    "recall": 0.6666666666666666,
    "f1-score": 0.7735294117647059,
    "support": 51
  }
}