{
  "drug": {
    "precision": 1.0,
    "recall": 0.14285714285714285,
    "f1-score": 0.25,
    "support": 21,
    "confused_with": {}
  },
  "lab": {
    "precision": 0.0,
    "recall": 0.0,
    "f1-score": 0.0,
    "support": 31,
    "confused_with": {}
  },
  "micro avg": {
    "precision": 1.0,
    "recall": 0.057692307692307696,
    "f1-score": 0.1090909090909091,
    "support": 52
  },
  "macro avg": {
    "precision": 0.5,
    "recall": 0.07142857142857142,
    "f1-score": 0.125,
    "support": 52
  },
  "weighted avg": {
    "precision": 0.40384615384615385,
    "recall": 0.057692307692307696,
    "f1-score": 0.10096153846153846,
    "support": 52
  }
}