{
  "drug": {
    "precision": 0.625,
    "recall": 0.47619047619047616,
    "f1-score": 0.5405405405405405,
    "support": 21,
    "confused_with": {
      "lab": 2
    }
  },
  "lab": {
    "precision": 0.7222222222222222,
    "recall": 0.41935483870967744,
    "f1-score": 0.5306122448979592,
    "support": 31,
    "confused_with": {
      "drug": 3
    }
  },
  "micro avg": {
    "precision": 0.6764705882352942,
    "recall": 0.4423076923076923,
    "f1-score": 0.5348837209302325,
    "support": 52
  },
  "macro avg": {
    "precision": 0.6736111111111112,
    "recall": 0.44777265745007677,
    "f1-score": 0.5355763927192498,
    "support": 52
  },
  "weighted avg": {
    "precision": 0.6829594017094016,
    "recall": 0.4423076923076923,
    "f1-score": 0.5346217489074632,
    "support": 52
  }
}