{
  "lab": {
    "precision": 0.9259259259259259,
    "recall": 0.8928571428571429,
    "f1-score": 0.9090909090909091,
    "support": 28,
    "confused_with": {
      "drug": 1
    }
  },
  "drug": {
    "precision": 0.9473684210526315,
    "recall": 0.6923076923076923,
    "f1-score": 0.7999999999999999,
    "support": 26,
    "confused_with": {}
  },
  "micro avg": {
    "precision": 0.9347826086956522,
    "recall": 0.7962962962962963,
    "f1-score": 0.8599999999999999,
    "support": 54
  },
  "macro avg": {
    "precision": 0.9366471734892787,
    "recall": 0.7925824175824177,
    "f1-score": 0.8545454545454545,
    "support": 54
  },
  "weighted avg": {
    "precision": 0.9362500902461917,
    "recall": 0.7962962962962963,
    "f1-score": 0.8565656565656565,
    "support": 54
  }
}