{
  "drug": {
    "precision": 1.0,
    "recall": 0.5416666666666666,
    "f1-score": 0.7027027027027027,
    "support": 24,
    "confused_with": {}
  },
  "lab": {
    "precision": 0.8125,
    "recall": 0.48148148148148145,
    "f1-score": 0.6046511627906976,
    "support": 27,
    "confused_with": {}
  },
  "micro avg": {
    "precision": 0.896551724137931,
    "recall": 0.5098039215686274,
    "f1-score": 0.65,
    "support": 51
  },
  "macro avg": {
    "precision": 0.90625,
    "recall": 0.5115740740740741,
    "f1-score": 0.6536769327467002,
    "support": 51
  },
  "weighted avg": {
    "precision": 0.9007352941176471,
    "recall": 0.5098039215686274,
    "f1-score": 0.6507930639257589,
    "support": 51
  }
}