{
  "drug": {
    "precision": 0.9166666666666666,
    "recall": 0.6470588235294118,
    "f1-score": 0.7586206896551724,
    "support": 17,
    "confused_with": {
      "lab": 1
    }
  },
  "lab": {
    "precision": 0.8421052631578947,
    "recall": 0.5333333333333333,
    "f1-score": 0.653061224489796,
    "support": 30,
    "confused_with": {
      "drug": 1
    }
  },
  "micro avg": {
    "precision": 0.8709677419354839,
    "recall": 0.574468085106383,
    "f1-score": 0.6923076923076925,
    "support": 47
  },
  "macro avg": {
    "precision": 0.8793859649122806,
    "recall": 0.5901960784313726,
    "f1-score": 0.7058409570724842,
    "support": 47
  },
  "weighted avg": {
    "precision": 0.8690742814483017,
    "recall": 0.574468085106383,
    "f1-score": 0.6912423076347193,
    "support": 47
  }
}