{
  "drug": {
    "precision": 0.7777777777777778,
    "recall": 0.6086956521739131,
    "f1-score": 0.6829268292682927,
    "support": 23,
    "confused_with": {
      "lab": 1
    }
  },
  "lab": {
    "precision": 0.7142857142857143,
    "recall": 0.37037037037037035,
    "f1-score": 0.4878048780487805,
    "support": 27,
    "confused_with": {
      "drug": 4
    }
  },
  "micro avg": {
    "precision": 0.75,
    "recall": 0.48,
    "f1-score": 0.5853658536585366,
    "support": 50
  },
  "macro avg": {
    "precision": 0.746031746031746,
    "recall": 0.4895330112721417,
    "f1-score": 0.5853658536585367,
    "support": 50
  },
  "weighted avg": {
    "precision": 0.7434920634920635,
    "recall": 0.48,
    "f1-score": 0.5775609756097562,
    "support": 50
  }
}