{
  "lab": {
    "precision": 1.0,
    "recall": 0.7857142857142857,
    "f1-score": 0.88,
    "support": 28,
    "confused_with": {
      "drug": 1
    }
  },
  "drug": {
    "precision": 0.9473684210526315,
    "recall": 0.6666666666666666,
    "f1-score": 0.782608695652174,
    "support": 27,
    "confused_with": {}
  },
  "micro avg": {
    "precision": 0.975609756097561,
    "recall": 0.7272727272727273,
    "f1-score": 0.8333333333333334,
    "support": 55
  },
  "macro avg": {
    "precision": 0.9736842105263157,
    "recall": 0.7261904761904762,
    "f1-score": 0.831304347826087,
    "support": 55
  },
  "weighted avg": {
    "precision": 0.9741626794258373,
    "recall": 0.7272727272727273,
    "f1-score": 0.8321897233201581,
    "support": 55
  }
}