{
  "drug": {
    "precision": 1.0,
    "recall": 0.6470588235294118,
    "f1-score": 0.7857142857142858,
    "support": 17,
    "confused_with": {}
  },
  "lab": {
    "precision": 0.8947368421052632,
    "recall": 0.5666666666666667,
    "f1-score": 0.6938775510204083,
    "support": 30,
    "confused_with": {}
  },
  "micro avg": {
    "precision": 0.9333333333333333,
    "recall": 0.5957446808510638,
    "f1-score": 0.7272727272727273,
    "support": 47
  },
  "macro avg": {
    "precision": 0.9473684210526316,
    "recall": 0.6068627450980393,
    "f1-score": 0.739795918367347,
    "support": 47
  },
  "weighted avg": {
    "precision": 0.9328107502799551,
    "recall": 0.5957446808510638,
    "f1-score": 0.7270950933564916,
    "support": 47
  }
}