{
  "drug": {
    "precision": 1.0,
    "recall": 0.7058823529411765,
    "f1-score": 0.8275862068965517,
    "support": 17,
    "confused_with": {}
  },
  "lab": {
    "precision": 0.9,
    "recall": 0.6,
    "f1-score": 0.7200000000000001,
    "support": 30,
    "confused_with": {}
  },
  "micro avg": {
    "precision": 0.9375,
    "recall": 0.6382978723404256,
    "f1-score": 0.759493670886076,
    "support": 47
  },
  "macro avg": {
    "precision": 0.95,
    "recall": 0.6529411764705882,
    "f1-score": 0.7737931034482759,
    "support": 47
  },
  "weighted avg": {
    "precision": 0.9361702127659575,
    "recall": 0.6382978723404256,
    "f1-score": 0.758914159941306,
    "support": 47
  }
}