{
  "drug": {
    "precision": 0.9090909090909091,
    "recall": 0.5882352941176471,
    "f1-score": 0.7142857142857143,
    "support": 17,
    "confused_with": {
      "lab": 1
    }
  },
  "lab": {
    "precision": 0.875,
    "recall": 0.4666666666666667,
    "f1-score": 0.608695652173913,
    "support": 30,
    "confused_with": {}
  },
  "micro avg": {
    "precision": 0.8888888888888888,
    "recall": 0.5106382978723404,
    "f1-score": 0.6486486486486487,
    "support": 47
  },
  "macro avg": {
    "precision": 0.8920454545454546,
    "recall": 0.5274509803921569,
    "f1-score": 0.6614906832298136,
    "support": 47
  },
  "weighted avg": {
    "precision": 0.8873307543520309,
    "recall": 0.5106382978723404,
    "f1-score": 0.6468878022994582,
    "support": 47
  }
}