{
  "drug": {
    "precision": 1.0,
    "recall": 0.058823529411764705,
    "f1-score": 0.1111111111111111,
    "support": 17,
    "confused_with": {}
  },
  "lab": {
    "precision": 0.0,
    "recall": 0.0,
    "f1-score": 0.0,
    "support": 30,
    "confused_with": {}
  },
  "micro avg": {
    "precision": 1.0,
    "recall": 0.02127659574468085,
    "f1-score": 0.04166666666666667,
    "support": 47
  },
  "macro avg": {
    "precision": 0.5,
    "recall": 0.029411764705882353,
    "f1-score": 0.05555555555555555,
    "support": 47
  },
  "weighted avg": {
    "precision": 0.3617021276595745,
    "recall": 0.02127659574468085,
    "f1-score": 0.04018912529550827,
    "support": 47
  }
}