{
  "lab": {
    "precision": 0.8095238095238095,
    "recall": 0.6071428571428571,
    "f1-score": 0.6938775510204083,
    "support": 28,
    "confused_with": {
      "drug": 1
    }
  },
  "drug": {
    "precision": 0.9444444444444444,
    "recall": 0.6538461538461539,
    "f1-score": 0.7727272727272727,
    "support": 26,
    "confused_with": {
      "lab": 4
    }
  },
  "micro avg": {
    "precision": 0.8717948717948718,
    "recall": 0.6296296296296297,
    "f1-score": 0.7311827956989246,
    "support": 54
  },
  "macro avg": {
    "precision": 0.876984126984127,
    "recall": 0.6304945054945055,
    "f1-score": 0.7333024118738405,
    "support": 54
  },
  "weighted avg": {
    "precision": 0.8744855967078189,
    "recall": 0.6296296296296297,
    "f1-score": 0.731842231842232,
    "support": 54
  }
}