{
  "lab": {
    "precision": 0.9655172413793104,
    "recall": 1.0,
    "f1-score": 0.9824561403508771,
    "support": 28,
    "confused_with": {}
  },
  "drug": {
    "precision": 1.0,
    "recall": 0.5769230769230769,
    "f1-score": 0.7317073170731707,
    "support": 26,
    "confused_with": {}
  },
  "micro avg": {
    "precision": 0.9772727272727273,
    "recall": 0.7962962962962963,
    "f1-score": 0.8775510204081632,
    "support": 54
  },
  "macro avg": {
    "precision": 0.9827586206896552,
    "recall": 0.7884615384615384,
    "f1-score": 0.8570817287120239,
    "support": 54
  },
  "weighted avg": {
    "precision": 0.9821200510855683,
    "recall": 0.7962962962962963,
    "f1-score": 0.8617252254393889,
    "support": 54
  }
}