{
  "drug": {
    "precision": 0.9166666666666666,
    "recall": 0.4782608695652174,
    "f1-score": 0.6285714285714286,
    "support": 23,
    "confused_with": {}
  },
  "lab": {
    "precision": 0.8461538461538461,
    "recall": 0.4074074074074074,
    "f1-score": 0.5499999999999999,
    "support": 27,
    "confused_with": {}
  },
  "micro avg": {
    "precision": 0.88,
    "recall": 0.44,
    "f1-score": 0.5866666666666667,
    "support": 50
  },
  "macro avg": {
    "precision": 0.8814102564102564,
    "recall": 0.44283413848631237,
    "f1-score": 0.5892857142857142,
    "support": 50
  },
  "weighted avg": {
    "precision": 0.8785897435897436,
    "recall": 0.44,
    "f1-score": 0.5861428571428572,
    "support": 50
  }
}