{
  "drug": {
    "precision": 0.9237668161434978,
    "recall": 0.9384965831435079,
    "f1-score": 0.9310734463276835,
    "support": 439,
    "confused_with": {
      "lab": 15
    }
  },
  "lab": {
    "precision": 0.9423076923076923,
    "recall": 0.9110225763612217,
    "f1-score": 0.9264010803511141,
    "support": 753,
    "confused_with": {
      "drug": 27
    }
  },
  "micro avg": {
    "precision": 0.9352640545144804,
    "recall": 0.9211409395973155,
    "f1-score": 0.9281487743026203,
    "support": 1192
  },
  "macro avg": {
    "precision": 0.933037254225595,
    "recall": 0.9247595797523649,
    "f1-score": 0.9287372633393989,
    "support": 1192
  },
  "weighted avg": {
    "precision": 0.9354792991566172,
    "recall": 0.9211409395973155,
    "f1-score": 0.928121859431411,
    "support": 1192
  }
}