{
  "lab": {
    "precision": 0.7931034482758621,
    "recall": 0.8214285714285714,
    "f1-score": 0.8070175438596492,
    "support": 28,
    "confused_with": {}
  },
  "drug": {
    "precision": 0.9166666666666666,
    "recall": 0.4074074074074074,
    "f1-score": 0.5641025641025641,
    "support": 27,
    "confused_with": {
      "lab": 5
    }
  },
  "micro avg": {
    "precision": 0.8292682926829268,
    "recall": 0.6181818181818182,
    "f1-score": 0.7083333333333334,
    "support": 55
  },
  "macro avg": {
    "precision": 0.8548850574712643,
    "recall": 0.6144179894179894,
    "f1-score": 0.6855600539811066,
    "support": 55
  },
  "weighted avg": {
    "precision": 0.8537617554858935,
    "recall": 0.6181818181818182,
    "f1-score": 0.6877683719788983,
    "support": 55
  }
}