{
  "lab": {
    "precision": 0.9032258064516129,
    "recall": 1.0,
    "f1-score": 0.9491525423728813,
    "support": 28,
    "confused_with": {}
  },
  "drug": {
    "precision": 1.0,
    "recall": 0.6296296296296297,
    "f1-score": 0.7727272727272727,
    "support": 27,
    "confused_with": {}
  },
  "micro avg": {
    "precision": 0.9375,
    "recall": 0.8181818181818182,
    "f1-score": 0.8737864077669902,
    "support": 55
  },
  "macro avg": {
    "precision": 0.9516129032258065,
    "recall": 0.8148148148148149,
    "f1-score": 0.860939907550077,
    "support": 55
  },
  "weighted avg": {
    "precision": 0.950733137829912,
    "recall": 0.8181818181818182,
    "f1-score": 0.8625437736377644,
    "support": 55
  }
}