{
  "lab": {
    "precision": 1.0,
    "recall": 0.8,
    "f1-score": 0.888888888888889,
    "support": 30,
    "confused_with": {}
  },
  "drug": {
    "precision": 1.0,
    "recall": 0.9523809523809523,
    "f1-score": 0.975609756097561,
    "support": 21,
    "confused_with": {}
  },
  "micro avg": {
    "precision": 1.0,
    "recall": 0.8627450980392157,
    "f1-score": 0.9263157894736842,
    "support": 51
  },
  "macro avg": {
    "precision": 1.0,
    "recall": 0.8761904761904762,
    "f1-score": 0.9322493224932249,
    "support": 51
  },
  "weighted avg": {
    "precision": 1.0,
    "recall": 0.8627450980392157,
    "f1-score": 0.9245974812689304,
    "support": 51
  }
}