{
  "lab": {
    "precision": 1.0,
    "recall": 0.9285714285714286,
    "f1-score": 0.962962962962963,
    "support": 28,
    "confused_with": {}
  },
  "drug": {
    "precision": 1.0,
    "recall": 0.88,
    "f1-score": 0.9361702127659575,
    "support": 25,
    "confused_with": {}
  },
  "micro avg": {
    "precision": 1.0,
    "recall": 0.9056603773584906,
    "f1-score": 0.9504950495049505,
    "support": 53
  },
  "macro avg": {
    "precision": 1.0,
    "recall": 0.9042857142857144,
    "f1-score": 0.9495665878644602,
    "support": 53
  },
  "weighted avg": {
    "precision": 1.0,
    "recall": 0.9056603773584906,
    "f1-score": 0.9503248732473945,
    "support": 53
  }
}