{
  "lab": {
    "precision": 0.8333333333333334,
    "recall": 0.8928571428571429,
    "f1-score": 0.8620689655172413,
    "support": 28,
    "confused_with": {
      "drug": 1
    }
  },
  "drug": {
    "precision": 0.8421052631578947,
    "recall": 0.5925925925925926,
    "f1-score": 0.6956521739130435,
    "support": 27,
    "confused_with": {
      "lab": 4
    }
  },
  "micro avg": {
    "precision": 0.8367346938775511,
    "recall": 0.7454545454545455,
    "f1-score": 0.7884615384615385,
    "support": 55
  },
  "macro avg": {
    "precision": 0.8377192982456141,
    "recall": 0.7427248677248677,
    "f1-score": 0.7788605697151424,
    "support": 55
  },
  "weighted avg": {
    "precision": 0.8376395534290272,
    "recall": 0.7454545454545455,
    "f1-score": 0.7803734496388169,
    "support": 55
  }
}