{
  "risk_lab": {
    "precision": 0.7142857142857143,
    "recall": 0.7894736842105263,
    "f1-score": 0.7500000000000001,
    "support": 38,
    "confused_with": {
      "warnings_drug": 2,
      "usage_lab": 2
    }
  },
  "need_lab": {
    "precision": 0.3684210526315789,
    "recall": 0.2916666666666667,
    "f1-score": 0.32558139534883723,
    "support": 24,
    "confused_with": {
      "usage_lab": 8,
      "usage_drug": 2
    }
  },
  "result_lab": {
    "precision": 0.8727272727272727,
    "recall": 0.9056603773584906,
    "f1-score": 0.8888888888888888,
    "support": 53,
    "confused_with": {
      "detail_lab": 2,
      "any_detail_lab": 1
    }
  },
  "request_drug": {
    "precision": 0.875,
    "recall": 1.0,
    "f1-score": 0.9333333333333333,
    "support": 77,
    "confused_with": {}
  },
  "request_lab": {
    "precision": 0.9558823529411765,
    "recall": 0.9848484848484849,
    "f1-score": 0.9701492537313432,
    "support": 66,
    "confused_with": {
      "result_lab": 1
    }
  },
  "avoid_drug": {
    "precision": 0.6585365853658537,
    "recall": 0.6136363636363636,
    "f1-score": 0.6352941176470588,
    "support": 44,
    "confused_with": {
      "warnings_drug": 9,
      "interaction_drug": 3
    }
  },
  "during_lab": {
    "precision": 0.7272727272727273,
    "recall": 0.7111111111111111,
    "f1-score": 0.7191011235955056,
    "support": 45,
    "confused_with": {
      "usage_lab": 5,
      "detail_lab": 3
    }
  },
  "usage_lab": {
    "precision": 0.532258064516129,
    "recall": 0.6875,
    "f1-score": 0.6,
    "support": 48,
    "confused_with": {
      "need_lab": 4,
      "inform_lab": 3
    }
  },
  "inform_lab": {
    "precision": 0.35294117647058826,
    "recall": 0.4,
    "f1-score": 0.37500000000000006,
    "support": 15,
    "confused_with": {
      "detail_lab": 2,
      "usage_lab": 2
    }
  },
  "any_detail_lab": {
    "precision": 0.875,
    "recall": 0.7368421052631579,
    "f1-score": 0.7999999999999999,
    "support": 19,
    "confused_with": {
      "detail_lab": 3,
      "prepare_lab": 2
    }
  },
  "detail_lab": {
    "precision": 0.3793103448275862,
    "recall": 0.275,
    "f1-score": 0.3188405797101449,
    "support": 40,
    "confused_with": {
      "inform_lab": 4,
      "during_lab": 4
    }
  },
  "sideeffects_drug": {
    "precision": 0.9272727272727272,
    "recall": 0.9622641509433962,
    "f1-score": 0.9444444444444444,
    "support": 53,
    "confused_with": {
      "usage_drug": 1,
      "dosage_drug": 1
    }
  },
  "inform_drug": {
    "precision": 0.7894736842105263,
    "recall": 0.5172413793103449,
    "f1-score": 0.625,
    "support": 29,
    "confused_with": {
      "usage_drug": 6,
      "inform_lab": 3
    }
  },
  "prepare_lab": {
    "precision": 0.8181818181818182,
    "recall": 0.9473684210526315,
    "f1-score": 0.8780487804878049,
    "support": 38,
    "confused_with": {
      "detail_lab": 1,
      "usage_lab": 1
    }
  },
  "interaction_drug": {
    "precision": 0.9090909090909091,
    "recall": 0.9302325581395349,
    "f1-score": 0.9195402298850575,
    "support": 43,
    "confused_with": {
      "warnings_drug": 1,
      "avoid_drug": 1
    }
  },
  "dosage_drug": {
    "precision": 0.7627118644067796,
    "recall": 0.8181818181818182,
    "f1-score": 0.7894736842105264,
    "support": 55,
    "confused_with": {
      "usage_drug": 5,
      "avoid_drug": 2
    }
  },
  "warnings_drug": {
    "precision": 0.6730769230769231,
    "recall": 0.6363636363636364,
    "f1-score": 0.6542056074766355,
    "support": 55,
    "confused_with": {
      "avoid_drug": 7,
      "dosage_drug": 5
    }
  },
  "usage_drug": {
    "precision": 0.6981132075471698,
    "recall": 0.5692307692307692,
    "f1-score": 0.6271186440677967,
    "support": 65,
    "confused_with": {
      "request_drug": 5,
      "need_lab": 4
    }
  },
  "accuracy": 0.7546468401486989,
  "macro avg": {
    "precision": 0.7160864680458601,
    "recall": 0.7098123070176073,
    "f1-score": 0.7085566712681877,
    "support": 807
  },
  "weighted avg": {
    "precision": 0.7479718656090864,
    "recall": 0.7546468401486989,
    "f1-score": 0.74753954020501,
    "support": 807
  }
}