{
  "lab": {
    "precision": 0.68,
    "recall": 0.6071428571428571,
    "f1-score": 0.6415094339622641,
    "support": 28,
    "confused_with": {}
  },
  "drug": {
    "precision": 0.9,
    "recall": 0.3333333333333333,
    "f1-score": 0.48648648648648646,
    "support": 27,
    "confused_with": {
      "lab": 7
    }
  },
  "micro avg": {
    "precision": 0.7428571428571429,
    "recall": 0.4727272727272727,
    "f1-score": 0.5777777777777778,
    "support": 55
  },
  "macro avg": {
    "precision": 0.79,
    "recall": 0.47023809523809523,
    "f1-score": 0.5639979602243753,
    "support": 55
  },
  "weighted avg": {
    "precision": 0.788,
    "recall": 0.4727272727272727,
    "f1-score": 0.5654072597468823,
    "support": 55
  }
}