{
  "lab": {
    "precision": 0.9069767441860465,
    "recall": 1.0,
    "f1-score": 0.951219512195122,
    "support": 39,
    "confused_with": {}
  },
  "drug": {
    "precision": 1.0,
    "recall": 1.0,
    "f1-score": 1.0,
    "support": 26,
    "confused_with": {}
  },
  "micro avg": {
    "precision": 0.9420289855072463,
    "recall": 1.0,
    "f1-score": 0.9701492537313433,
    "support": 65
  },
  "macro avg": {
    "precision": 0.9534883720930232,
    "recall": 1.0,
    "f1-score": 0.975609756097561,
    "support": 65
  },
  "weighted avg": {
    "precision": 0.944186046511628,
    "recall": 1.0,
    "f1-score": 0.9707317073170733,
    "support": 65
  }
}