{
  "lab": {
    "precision": 0.7647058823529411,
    "recall": 0.9285714285714286,
    "f1-score": 0.8387096774193549,
    "support": 28,
    "confused_with": {}
  },
  "drug": {
    "precision": 0.9411764705882353,
    "recall": 0.5714285714285714,
    "f1-score": 0.7111111111111111,
    "support": 28,
    "confused_with": {
      "lab": 6
    }
  },
  "micro avg": {
    "precision": 0.8235294117647058,
    "recall": 0.75,
    "f1-score": 0.7850467289719627,
    "support": 56
  },
  "macro avg": {
    "precision": 0.8529411764705882,
    "recall": 0.75,
    "f1-score": 0.774910394265233,
    "support": 56
  },
  "weighted avg": {
    "precision": 0.8529411764705882,
    "recall": 0.75,
    "f1-score": 0.774910394265233,
    "support": 56
  }
}