{
  "lab": {
    "precision": 0.9090909090909091,
    "recall": 0.3333333333333333,
    "f1-score": 0.4878048780487804,
    "support": 30,
    "confused_with": {
      "drug": 3
    }
  },
  "drug": {
    "precision": 0.8,
    "recall": 0.5714285714285714,
    "f1-score": 0.6666666666666666,
    "support": 21,
    "confused_with": {
      "lab": 1
    }
  },
  "micro avg": {
    "precision": 0.8461538461538461,
    "recall": 0.43137254901960786,
    "f1-score": 0.5714285714285715,
    "support": 51
  },
  "macro avg": {
    "precision": 0.8545454545454545,
    "recall": 0.45238095238095233,
    "f1-score": 0.5772357723577235,
    "support": 51
  },
  "weighted avg": {
    "precision": 0.8641711229946525,
    "recall": 0.43137254901960786,
    "f1-score": 0.5614538498326159,
    "support": 51
  }
}