{
  "drug": {
    "precision": 0.6428571428571429,
    "recall": 0.42857142857142855,
    "f1-score": 0.5142857142857143,
    "support": 21,
    "confused_with": {}
  },
  "lab": {
    "precision": 0.6666666666666666,
    "recall": 0.25806451612903225,
    "f1-score": 0.37209302325581395,
    "support": 31,
    "confused_with": {
      "drug": 5
    }
  },
  "micro avg": {
    "precision": 0.6538461538461539,
    "recall": 0.3269230769230769,
    "f1-score": 0.4358974358974359,
    "support": 52
  },
  "macro avg": {
    "precision": 0.6547619047619048,
    "recall": 0.3433179723502304,
    "f1-score": 0.44318936877076415,
    "support": 52
  },
  "weighted avg": {
    "precision": 0.657051282051282,
    "recall": 0.3269230769230769,
    "f1-score": 0.4295169946332737,
    "support": 52
  }
}